{
  "id": "",
  "name": "",
  "font_family": "iconfont",
  "css_prefix_text": "icon-",
  "description": "",
  "glyphs": [
    {
      "icon_id": "200844",
      "name": "3.1收藏-选中",
      "font_class": "31shoucangxuanzhong",
      "unicode": "f01aa",
      "unicode_decimal": 983466
    },
    {
      "icon_id": "7338651",
      "name": "爱心",
      "font_class": "aixin",
      "unicode": "e6ad",
      "unicode_decimal": 59053
    },
    {
      "icon_id": "7594157",
      "name": "24gf-playCircle",
      "font_class": "24gf-playCircle",
      "unicode": "ea82",
      "unicode_decimal": 60034
    }
  ]
}
